Ключ,Нашёл в целевом дне,Новых крео в базу,Карточек просмотрено,Срезов,Какие статусы прошли,Примечание
hair roots,14670,2582,21222,3,active+inactive,""
diagnosis,13773,1016,22644,2,active+inactive,""
apply,13438,200,18915,5,active+inactive,""
healthy,13171,36,20588,6,active+inactive,""
scalp,12194,1727,19319,2,active+inactive,""
parent,11148,1946,25688,2,active+inactive,""
specialist,10879,619,19039,2,active+inactive,""
event,10651,1420,11587,3,active+inactive,""
music,10637,3050,11569,3,active+inactive,""
loan,10552,3928,25971,3,active+inactive,""
heart rhythm,10453,77,17511,3,active+inactive,""
NoLimit City,10397,267,19385,4,active+inactive,""
win now,9908,160,16192,5,active+inactive,""
Diet,9890,1973,18712,2,active+inactive,""
subscription,9242,2548,12093,3,active+inactive,""
Mines,9134,1244,17103,2,active+inactive,""
refund,8965,724,13122,3,active+inactive,""
muscle,8835,220,21223,4,active+inactive,""
discomfort,8762,734,19851,4,active+inactive,""
fat,8450,252,16982,3,active+inactive,""
Weight loss,8426,253,23992,5,active+inactive,""
body transformation,8402,1003,18808,2,active+inactive,""
infection,8316,1370,17776,2,active+inactive,""
gaming,8138,1723,17177,3,active+inactive,""
allergy,8118,1603,17130,2,active+inactive,""
extract,8045,541,19047,2,active+inactive,""
Casino,7984,566,11319,2,active+inactive,""
feel the thrill,7959,710,12024,3,active+inactive,""
attraction,7796,1169,17607,3,active+inactive,""
agency,7710,2256,12362,3,active+inactive,""
dental,7371,1788,16914,2,active+inactive,""
All in,7256,551,11303,5,active+inactive,""
aging,7008,402,15425,3,active+inactive,""
capsules,6983,1277,17408,2,active+inactive,""
heart attack,6975,60,23102,4,active+inactive,""
clinical,6916,354,12306,2,active+inactive,""
Card count,6800,174,13720,3,active+inactive,""
Parasites,6714,1703,12699,2,active+inactive,""
ingredient,6594,210,19431,2,active+inactive,""
betting,6593,931,10306,2,active+inactive,""
Fairy Queen,6475,1203,12138,4,active+inactive,""
blood sugar control,6316,80,14786,3,active+inactive,""
remedy,6223,1524,11070,2,active+inactive,""
waist,6124,817,17283,3,active+inactive,""
sex,6059,554,17941,2,active+inactive,""
lens,5947,1104,14524,2,active+inactive,""
inflammation,5901,983,14818,2,active+inactive,""
heart health,5876,33,24846,4,active+inactive,""
joint,5834,81,10150,2,active+inactive,""
healing,5730,422,15715,3,active+inactive,""
accessory,5528,1672,16417,3,active+inactive,""
bonus buy,5395,191,12646,3,active+inactive,""
mortgage,5372,831,8920,2,active+inactive,""
crypto,5356,1738,9503,3,active+inactive,""
cat,5341,1459,10692,3,active+inactive,""
application,5333,1940,16138,3,active+inactive,""
bet,5324,228,11880,3,active+inactive,""
insulin,5141,110,9102,2,active+inactive,""
fertility,5120,1188,9261,3,active+inactive,""
academy,5033,1171,12293,3,active+inactive,""
stiffness,5015,1265,16049,3,active+inactive,""
Bet slip,5007,829,12703,3,active+inactive,""
Fruit Million,4998,112,10472,3,active+inactive,""
Diabetes,4851,748,10141,2,active+inactive,""
apparel,4833,2243,8347,3,active+inactive,""
anti-aging,4828,100,8920,2,active+inactive,""
card games,4749,172,8711,4,active+inactive,""
BetWinner,4728,154,12497,2,active+inactive,""
education,4716,868,13134,3,active+inactive,""
metabolism,4712,146,11728,2,active+inactive,""
disease,4709,262,9746,2,active+inactive,""
heart support,4606,19,14100,3,active+inactive,""
Bonus inside,4504,136,13312,3,active+inactive,""
figure,4387,104,4659,3,active+inactive,""
lifting,4084,142,15900,3,active+inactive,""
Joints,4072,336,5818,3,active+inactive,""
investment,4062,811,10874,4,active+inactive,""
effect,4011,383,10422,2,active+inactive,""
complex,4006,298,12868,3,active+inactive,""
dysfunction,3925,1238,8295,2,active+inactive,""
Chip leader,3919,77,6945,4,active+inactive,""
worms,3913,422,7236,2,active+inactive,""
guess the match,3849,146,14328,3,active+inactive,""
calories,3827,540,9297,2,active+inactive,""
test your skills,3823,40,4710,3,active+inactive,""
fatigue,3777,155,8911,3,active+inactive,""
clothing,3753,1399,15388,4,active+inactive,""
real estate,3706,113,5424,5,active+inactive,""
flight,3677,1025,9844,3,active+inactive,""
hair loss,3572,27,11507,4,active+inactive,""
collagen,3443,2,7419,3,active+inactive,""
digestion,3431,175,8888,2,active+inactive,""
Big payout,3373,45,5264,3,active+inactive,""
finance,3368,858,9222,4,active+inactive,""
CrazyJackpot,3358,26,4402,2,active+inactive,""
blood circulation,3331,94,13189,3,active+inactive,""
reward,3292,343,8993,3,active+inactive,""
Play now,3288,28,9684,4,active+inactive,""
movie,3276,733,12731,2,active+inactive,""
syrup,3218,223,6232,2,active+inactive,""
youth,3201,50,6911,3,active+inactive,""
Coin Master,3167,122,6597,3,active+inactive,""
renewal,3167,3,5895,2,active+inactive,""
bloating,3165,44,5483,2,active+inactive,""
wrinkles,3104,296,6056,3,active+inactive,""
Bluff master,3058,268,4783,3,active+inactive,""
casino table,3047,5,4827,4,active+inactive,""
skincare,3010,758,6463,3,active+inactive,""
RichWin,3004,4,18031,3,active+inactive,""
firmness,2993,71,7692,2,active+inactive,""
Big win,2969,35,10652,3,active+inactive,""
dating,2937,1024,12669,3,active+inactive,""
hair volume,2905,334,6736,4,active+inactive,""
100% bonus,2888,163,7211,3,active+inactive,""
blood vessels,2888,103,7245,3,active+inactive,""
injury,2874,56,7787,4,active+inactive,""
1win,2823,109,8793,3,active+inactive,""
pleasure,2792,144,7744,2,active+inactive,""
pulse,2779,518,9962,3,active+inactive,""
concert,2772,1157,7905,3,active+inactive,""
Book of Shadows,2746,19,9270,4,active+inactive,""
toilet,2738,100,7153,2,active+inactive,""
thirst,2733,278,6258,2,active+inactive,""
Book of ra,2724,276,9247,4,active+inactive,""
entertainment,2670,453,2821,3,active+inactive,""
fracture,2661,416,7442,2,active+inactive,""
Fortune Rabbit,2646,56,5179,3,active+inactive,""
appetite,2628,160,8989,3,active+inactive,""
laptop,2624,354,7890,3,active+inactive,""
symptom,2604,58,8250,2,active+inactive,""
puzzle game,2604,0,11182,3,active+inactive,""
immunity,2580,175,6852,2,active+inactive,""
veins,2560,126,9180,3,active+inactive,""
toxins,2545,25,5656,2,active+inactive,""
shoe,2541,676,7739,4,active+inactive,""
Cash out,2531,13,8325,4,active+inactive,""
elasticity,2523,91,6248,2,active+inactive,""
concentrate,2433,818,5649,2,active+inactive,""
cash prize,2349,120,4430,3,active+inactive,""
Real money,2336,27,8099,4,active+inactive,""
Casino experience,2333,29,3267,4,active+inactive,""
bet live,2329,46,6975,3,active+inactive,""
detox,2317,295,5308,2,active+inactive,""
Bet max,2312,75,3413,3,active+inactive,""
cosmetic,2305,600,7100,3,active+inactive,""
trading,2297,517,9020,3,active+inactive,""
clear vision,2240,43,10971,4,active+inactive,""
Real cash,2234,0,6038,4,active+inactive,""
astigmatism,2224,13,4607,2,active+inactive,""
software,2209,996,10643,3,active+inactive,""
Bet bounty,2182,26,4435,4,active+inactive,""
Chicken road,2179,365,5241,3,active+inactive,""
Just play,2159,9,5969,4,active+inactive,""
Free game,2154,8,5429,4,active+inactive,""
arthritis,2138,2403,7476,3,active+inactive,""
regeneration,2128,154,3628,2,active+inactive,""
safe bet,2095,7,8603,4,active+inactive,""
quote,2080,529,5025,3,active+inactive,""
fun game,2074,19,2950,4,active+inactive,""
estimate,2070,370,4458,3,active+inactive,""
keratin,2062,74,14031,3,active+inactive,""
Claim now,2051,4,4757,5,active+inactive,""
bet now,2044,0,2661,5,active+inactive,""
free money,2030,7,3909,4,active+inactive,""
burning,2025,3,2803,3,active+inactive,""
Easy money,2025,1,3427,5,active+inactive,""
Double down,2015,5,3297,5,active+inactive,""
Vision,2007,10,2228,5,active+inactive,""
Dice,2005,75,2005,3,active+inactive,""
Deposit,2004,20,2204,4,active+inactive,""
Hot hand,2003,3,2080,4,active+inactive,""
no deposit bonus,2001,2,2051,3,active+inactive,""
ears,2000,3,2604,4,active+inactive,""
Book of Sun,2000,2,2207,5,active+inactive,""
The Dog House,1998,1,2682,5,active+inactive,""
Bonus,1997,0,2009,2,только active,""
blood pressure,1996,0,2203,5,active+inactive,""
Bet / Bet now,1994,3,2201,5,active+inactive,""
Crash,1992,0,2200,4,active+inactive,""
spine,1991,3,2811,3,active+inactive,""
waste,1991,3,2202,4,active+inactive,""
gold,1989,3,2003,3,active+inactive,""
sugar,1988,0,2016,3,active+inactive,""
age,1988,0,2203,4,active+inactive,""
Lucky Go,1987,0,2041,4,active+inactive,""
shoulder,1986,1,2206,5,active+inactive,""
Lucky Time,1986,0,2011,4,active+inactive,""
Lucky Day,1985,34,2003,3,active+inactive,""
Lucky Money,1984,10,2016,4,active+inactive,""
Cold table,1983,1,2227,5,active+inactive,""
result,1980,4,2018,3,active+inactive,""
stomach,1979,0,2214,4,active+inactive,""
wear,1977,1,2209,4,active+inactive,""
beauty,1975,6,2417,4,active+inactive,""
sperm,1972,1088,4243,3,active+inactive,""
tap to play,1972,28,2941,3,active+inactive,""
eye,1971,0,2200,4,active+inactive,""
blood,1969,0,2215,4,active+inactive,""
drops,1968,28,2204,4,active+inactive,""
knee,1967,2405,10182,5,active+inactive,""
comfort,1967,5,2200,4,active+inactive,""
man,1964,1,2206,5,active+inactive,""
Play and earn,1959,0,2052,4,active+inactive,""
surgery,1958,0,2201,5,active+inactive,""
movement,1949,2,2225,5,active+inactive,""
play for fun,1947,1,2395,4,active+inactive,""
sound,1945,2,2216,4,active+inactive,""
claim your reward,1945,1,2972,5,active+inactive,""
problem,1944,3,2201,5,active+inactive,""
doctor,1944,0,2201,5,active+inactive,""
skin,1944,0,2217,4,active+inactive,""
join the challenge,1941,2,2658,4,active+inactive,""
abdomen,1938,166,6958,2,active+inactive,""
bleeding,1938,3,2203,4,active+inactive,""
Hair,1932,2,2401,4,active+inactive,""
weight,1925,2,2214,4,active+inactive,""
Hearing,1907,0,2213,5,active+inactive,""
swelling,1906,1382,8757,2,только active,""
Hit or stand,1903,2,2002,4,active+inactive,""
natural,1894,10,2205,4,active+inactive,""
walking,1894,0,2209,5,active+inactive,""
join the game,1890,0,2072,4,active+inactive,""
expert,1887,9,2206,4,active+inactive,""
desire,1882,2326,9157,4,active+inactive,""
tightening,1878,11,6495,2,active+inactive,""
pain,1873,0,2204,4,active+inactive,""
strength,1871,0,2401,4,active+inactive,""
formula,1871,0,2004,3,active+inactive,""
Rejuvenation,1846,241,4678,2,active+inactive,""
play with bonus,1844,0,1889,4,active+inactive,""
energy,1834,3,3221,5,active+inactive,""
confidence,1819,3,2222,4,active+inactive,""
body,1816,0,2208,4,active+inactive,""
well-being,1814,0,2205,4,active+inactive,""
follicles,1794,116,5230,2,active+inactive,""
therapy,1794,0,2006,3,active+inactive,""
Play and win,1792,1,2176,4,active+inactive,""
Balloon,1791,298,3660,3,active+inactive,""
treatment,1791,4,2209,4,active+inactive,""
health,1782,0,2217,5,active+inactive,""
Joker's Jewels,1780,82,3447,3,active+inactive,""
glucose,1766,80,4063,2,active+inactive,""
heart,1758,11,2411,4,active+inactive,""
place your bet,1751,1,2042,4,active+inactive,""
recovery,1744,1,2201,4,active+inactive,""
No deposit,1733,48,6831,4,active+inactive,""
Legacy of Dead,1698,0,2001,4,active+inactive,""
webinar,1668,322,6532,4,active+inactive,""
Dog House,1663,5,2256,4,active+inactive,""
stroke,1658,186,5535,2,active+inactive,""
Potency,1655,121,4262,2,active+inactive,""
computer,1640,191,6345,4,active+inactive,""
flat stomach,1621,6,5637,4,active+inactive,""
Rich Life,1614,0,1726,4,active+inactive,""
cholesterol,1608,75,5450,2,active+inactive,""
eye health,1590,12,6864,4,active+inactive,""
back,1568,2,2208,5,active+inactive,""
only today,1525,28,6649,4,active+inactive,""
Fortune Tiger,1524,221,3480,3,active+inactive,""
cracking,1500,1289,9533,5,active+inactive,""
No registration,1489,41,4627,4,active+inactive,""
cartilage,1471,617,5415,3,active+inactive,""
Chicken Train,1459,422,4415,4,active+inactive,""
composition,1436,90,1800,3,active+inactive,""
GoldenPlay,1427,2,2002,3,active+inactive,""
House edge,1421,0,2014,4,active+inactive,""
card game,1419,54,4732,2,active+inactive,""
mobility,1386,333,3834,4,active+inactive,""
Claim bonus,1386,59,5985,4,active+inactive,""
blood sugar level,1382,142,5035,4,active+inactive,""
gold coins,1377,61,16042,3,active+inactive,""
predict and win,1369,0,2002,4,active+inactive,""
Fortune Dragon,1356,219,7048,3,active+inactive,""
Real prizes,1354,1,6873,4,active+inactive,""
game app,1338,3,2224,4,active+inactive,""
1xBet,1334,18,2816,2,active+inactive,""
Fortune Spin,1328,76,2981,5,active+inactive,""
thickness,1319,246,4049,2,active+inactive,""
Risk and reward,1312,1,1344,4,active+inactive,""
guess the winner,1311,4,2004,4,active+inactive,""
fat burning,1301,25,9653,3,active+inactive,""
weakness,1299,27,1940,3,active+inactive,""
prostate,1297,185,4426,3,active+inactive,""
One click to play,1289,8,1318,4,active+inactive,""
nearsightedness,1287,13,3801,3,active+inactive,""
daily rewards,1279,513,4414,3,active+inactive,""
5 Lions,1263,191,3028,3,active+inactive,""
Coin strike,1258,191,3191,4,active+inactive,""
get rewards,1248,77,15473,3,active+inactive,""
HotWin,1242,17,8146,2,active+inactive,""
coins,1237,7,2001,2,active+inactive,""
promotion,1212,3,1216,3,active+inactive,""
Slots,1210,9,1226,3,active+inactive,""
healthy blood vessels,1207,6,4335,4,active+inactive,""
hair thickening,1203,16,4080,4,active+inactive,""
daily tips,1195,205,5736,3,active+inactive,""
Starlight Princess,1167,21,2042,4,active+inactive,""
Quick bet,1163,4,7335,3,active+inactive,""
Dealer's choice,1158,3,2439,5,active+inactive,""
Card shark,1155,43,2627,3,active+inactive,""
biotin,1149,12,3010,3,active+inactive,""
Lucky draw,1137,13,4850,3,active+inactive,""
promo,1123,889,4746,3,active+inactive,""
Instant win,1116,0,2116,4,active+inactive,""
install,1104,1795,4336,3,active+inactive,""
review,1104,1,1513,4,active+inactive,""
Money wheel,1097,21,13304,3,active+inactive,""
JetX,1093,134,2835,3,active+inactive,""
endurance,1085,3832,10493,3,active+inactive,""
Joker's Million,1080,28,2005,4,active+inactive,""
pancreas,1075,28,2220,3,active+inactive,""
Funny Cats,1063,167,3250,3,active+inactive,""
approved,1057,3,1078,3,active+inactive,""
Try now,1055,98,6699,5,active+inactive,""
the ultimate game night,1047,8,5631,4,active+inactive,""
duration,1046,137,3669,2,active+inactive,""
original,1045,35,1457,4,active+inactive,""
financing,1033,260,1600,3,active+inactive,""
play cards,1001,72,10852,3,active+inactive,""
lutein,989,25,2009,3,active+inactive,""
scratch & win,989,0,1019,4,active+inactive,""
double chance,981,9,2659,4,active+inactive,""
success,977,0,1210,4,active+inactive,""
free tips,976,2,2243,4,active+inactive,""
request,976,2,1212,4,active+inactive,""
be a winner,972,10,2541,5,active+inactive,""
Start spinning,965,4,5075,4,active+inactive,""
discount,965,2,995,3,active+inactive,""
trial,958,0,1097,3,active+inactive,""
subscribe,950,1187,7388,3,active+inactive,""
delivery,949,0,954,3,active+inactive,""
Slot,947,4,1236,3,active+inactive,""
22Win,943,134,2818,2,active+inactive,""
dizziness,933,24,4279,3,active+inactive,""
parasite eggs,933,10,4137,2,только active,""
certified,933,2,1057,3,active+inactive,""
secure,916,3,1551,4,active+inactive,""
hair nutrition,910,63,2638,3,active+inactive,""
22Bet,907,53,2207,2,active+inactive,""
spin & win,903,0,1257,4,active+inactive,""
trusted,900,0,947,3,active+inactive,""
download,892,1,1099,4,active+inactive,""
cheap,891,4,1104,4,active+inactive,""
exclusive,890,4,1172,4,active+inactive,""
tips and tricks,886,46,15308,4,active+inactive,""
constipation,875,25,2826,3,active+inactive,""
Daily bonus,874,10,3580,3,active+inactive,""
retina,872,90,2631,3,active+inactive,""
Jackpot,872,6,2012,3,active+inactive,""
libido,861,168,2620,2,active+inactive,""
Hypertension,859,118,2645,2,active+inactive,""
free rewards,850,1,2448,4,active+inactive,""
sign,845,0,1540,4,active+inactive,""
Stake,843,74,8287,2,active+inactive,""
Flint Treasure,842,95,2863,4,active+inactive,""
High stakes,840,0,2001,3,active+inactive,""
5 Lions Gold,837,2,1801,4,active+inactive,""
LuckyStar,836,8,1540,2,active+inactive,""
artery,830,84,4409,2,active+inactive,""
match results,830,31,12067,3,active+inactive,""
price,830,1,1109,4,active+inactive,""
male energy,827,668,5920,6,active+inactive,""
recommended,823,1337,11128,3,active+inactive,""
collection,823,1,1046,4,active+inactive,""
visit,821,0,1073,4,active+inactive,""
inner ear,816,10,4070,3,active+inactive,""
save,806,0,1688,3,active+inactive,""
available,805,0,1088,4,active+inactive,""
online,804,0,1041,4,active+inactive,""
special,800,6,1292,4,active+inactive,""
hair restoration,795,91,7403,3,active+inactive,""
guarantee,792,0,857,3,active+inactive,""
Energy Coins,789,51,2380,4,active+inactive,""
early,786,0,1057,4,active+inactive,""
sweet win,785,13,6686,3,active+inactive,""
premium,785,3,842,3,active+inactive,""
gift,783,1,1287,4,active+inactive,""
earn cash,772,34,14838,3,active+inactive,""
intestines,772,3,2025,3,active+inactive,""
test,764,1,1018,4,active+inactive,""
fast,762,0,1019,4,active+inactive,""
sun of egypt,759,98,4308,4,active+inactive,""
CashLuck,756,5,3029,3,active+inactive,""
casino games,750,17,2611,3,active+inactive,""
Big win casino,750,8,2095,3,active+inactive,""
itching,748,18,3460,3,active+inactive,""
discover,748,2,923,3,active+inactive,""
daily challenge,747,34,2588,2,только active,""
daily match,737,3,2126,3,active+inactive,""
official,732,2,970,4,active+inactive,""
store,732,0,1189,4,active+inactive,""
Crazy Coin,731,60,1828,4,active+inactive,""
free coins,731,3,3710,4,active+inactive,""
Dice roll,730,383,3283,4,active+inactive,""
vascular system,723,13,5071,4,active+inactive,""
Big bet bonus,720,9,2001,4,active+inactive,""
limited,718,0,1118,4,active+inactive,""
urination,710,16,1604,3,active+inactive,""
Free spins,709,12,4331,4,active+inactive,""
body cleansing,708,104,15443,4,active+inactive,""
odds,708,45,9473,2,active+inactive,""
Pin-Up,706,29,5512,2,active+inactive,""
Snake eyes,706,6,2782,3,active+inactive,""
hearing loss,704,188,10783,5,active+inactive,""
Casino credit,703,20,2258,3,active+inactive,""
Casino app,701,25,2923,3,active+inactive,""
brand,701,1,1192,4,active+inactive,""
prevention,699,228,1400,3,active+inactive,""
sale,698,6,939,3,active+inactive,""
deal,692,0,966,4,active+inactive,""
spin the wheel,690,0,1155,4,active+inactive,""
collect rewards,683,19,1886,3,active+inactive,""
Free spin,677,0,2249,4,active+inactive,""
try,673,0,1117,4,active+inactive,""
sugar rush,671,4,3329,3,active+inactive,""
arcade game,666,60,1780,3,active+inactive,""
bitcoin,664,70,2029,2,active+inactive,""
Betting games,662,76,2620,3,active+inactive,""
deal cards,662,6,2010,4,active+inactive,""
Real money games,660,1,1807,4,active+inactive,""
blood pressure control,650,0,2340,5,active+inactive,""
electronics,648,192,1418,3,active+inactive,""
spin now,639,0,1138,4,active+inactive,""
Casino deals,633,8,1283,4,active+inactive,""
click,624,1,1050,4,active+inactive,""
masterclass,621,631,6310,3,active+inactive,""
bonus game,616,44,3357,3,active+inactive,""
Stack up,608,15,4015,4,active+inactive,""
start playing,601,1,4696,4,active+inactive,""
casual game,598,210,2375,4,active+inactive,""
easy,597,0,1303,4,active+inactive,""
spin to win,593,0,1323,4,active+inactive,""
join,592,0,1141,4,active+inactive,""
Table games,588,17,5734,3,active+inactive,""
offer,586,0,1114,4,active+inactive,""
bedroom confidence,583,31,3084,4,active+inactive,""
stable blood pressure,573,51,3872,4,active+inactive,""
quality,559,0,640,3,active+inactive,""
Lucky Winner,558,6,6112,3,active+inactive,""
code,549,4,1072,4,active+inactive,""
Cash App Game,540,21,2012,3,active+inactive,""
order,530,1,1065,4,active+inactive,""
macula,523,27,1200,3,active+inactive,""
larvae,523,4,1207,3,active+inactive,""
Big Win Slots,522,76,2012,3,active+inactive,""
simple,522,1,1037,4,active+inactive,""
Casino strategy,520,0,800,4,active+inactive,""
experience,520,0,1038,4,active+inactive,""
diarrhea,512,21,3455,3,active+inactive,""
Bonus wheel,511,18,1446,3,active+inactive,""
win big,503,0,3701,4,active+inactive,""
Welcome bonus,497,2516,11313,4,active+inactive,""
forex,496,98,1408,2,active+inactive,""
product,496,1,992,4,active+inactive,""
SpinWin,487,0,501,3,active+inactive,""
shop,481,1,2602,3,active+inactive,""
support,478,0,1079,4,active+inactive,""
gambling,475,5,2018,3,active+inactive,""
before,472,0,991,4,active+inactive,""
free chips,469,32,8088,3,active+inactive,""
Crash Game,466,48,3477,3,active+inactive,""
Hold 'em,464,26,5199,3,active+inactive,""
tinnitus,462,63,2205,2,active+inactive,""
start,451,0,1300,4,active+inactive,""
Mr Green,440,10,3433,3,active+inactive,""
tear production,438,99,3161,4,active+inactive,""
SpinToWin,437,0,462,2,active+inactive,""
watch,430,0,963,4,active+inactive,""
FS,427,68,9172,2,active+inactive,""
Gamble now,427,30,6943,3,active+inactive,""
hit the jackpot,406,0,1470,4,active+inactive,""
live score,395,24,7126,3,active+inactive,""
5 Lions Dance,394,147,1018,4,active+inactive,""
best,392,0,1011,4,active+inactive,""
Casino excitement,385,30,1479,5,active+inactive,""
slot machine,380,2,2831,4,active+inactive,""
poker,371,50,5017,2,active+inactive,""
after,365,0,1031,4,active+inactive,""
Deposit bonus,364,1,2608,3,active+inactive,""
erection,362,1536,8451,3,active+inactive,""
Aviator,361,142,1009,3,active+inactive,""
bowel movement,361,7,4126,4,active+inactive,""
mines,355,1,2003,1,только active,""
High roller,351,14,3168,3,active+inactive,""
BGaming,351,1,1954,4,active+inactive,""
fissures,350,110,2120,4,active+inactive,""
Casino VIP,344,12,2288,4,active+inactive,""
farsightedness,339,2,1333,3,active+inactive,""
today,338,0,1191,4,active+inactive,""
haircare,333,107,2644,4,active+inactive,""
win real money,332,0,1554,5,active+inactive,""
receding hairline,331,39,2367,4,active+inactive,""
VIP access,328,4,1705,3,active+inactive,""
Casino bonus,322,1,1697,4,active+inactive,""
ejaculation,313,32,1836,3,active+inactive,""
Casino-X,309,22,1210,3,active+inactive,""
win cash,302,593,7511,4,active+inactive,""
Casino slots,301,0,1264,4,active+inactive,""
Casino jackpot,300,8,1640,4,active+inactive,""
collect coins,299,50,1739,3,active+inactive,""
ear inflammation,299,1,1224,4,active+inactive,""
reward app,294,3,3069,3,active+inactive,""
don’t miss your chance,293,14,9020,5,active+inactive,""
welcome offer,290,1523,9284,5,active+inactive,""
Gates of olympus,287,18,1477,4,active+inactive,""
Jackpot journey,284,0,382,3,active+inactive,""
Spin Casino,283,0,3083,4,active+inactive,""
Win real cash,280,1059,5946,4,active+inactive,""
Varicose veins,276,29,3958,4,active+inactive,""
Treasure of Anubis,273,25,1634,4,active+inactive,""
sports app,272,52,4324,3,active+inactive,""
match winner,271,2,1904,3,active+inactive,""
eardrum,270,83,1433,4,active+inactive,""
Mega win,270,1,1367,3,active+inactive,""
Coin Flip,264,8,2058,4,active+inactive,""
online casino,263,0,2083,3,active+inactive,""
baldness,258,11,1018,3,active+inactive,""
new,257,1,1163,4,active+inactive,""
Spin / Spin to win / Lucky Spin,255,0,924,4,active+inactive,""
learn,254,0,1042,4,active+inactive,""
score app,252,28,5170,3,active+inactive,""
orgasm,251,780,4028,2,только active,""
vegas,245,1235,5559,3,active+inactive,""
win rewards,242,1327,7963,4,active+inactive,""
Tower Game,241,635,2063,4,active+inactive,""
VIP room,233,486,7907,5,active+inactive,""
tournament,228,1055,7574,3,active+inactive,""
prediction,228,40,1939,2,active+inactive,""
Wild card,225,220,3056,4,active+inactive,""
instant prize,225,3,844,3,active+inactive,""
Fruit Party,225,1,5245,3,active+inactive,""
scatter,224,21,2427,2,active+inactive,""
fixed match,222,10,3859,4,active+inactive,""
Casino welcome bonus,219,1,1820,3,active+inactive,""
WinSpirit,217,178,3686,3,active+inactive,""
carbohydrates,214,5,1426,3,active+inactive,""
football app,212,69,1729,4,active+inactive,""
test your knowledge,211,2,2021,4,active+inactive,""
live odds,211,2,1776,3,active+inactive,""
RoyalSpin,208,0,375,2,active+inactive,""
arousal,205,2915,9257,3,active+inactive,""
Penalty Duel,205,24,600,6,active+inactive,""
Gaming experience,205,1,4530,3,active+inactive,""
cashback,203,27,1226,3,active+inactive,""
Wheel of fortune,202,422,5022,5,active+inactive,""
WinRush,202,137,3272,3,active+inactive,""
JetLucky,201,1,822,2,active+inactive,""
Blackjack,196,43,1010,3,active+inactive,""
Online gaming,195,1,1934,3,active+inactive,""
Split bet,193,1,1170,3,active+inactive,""
sports league,192,3,2094,3,active+inactive,""
Hemorrhoids,190,29,1201,3,active+inactive,""
Live casino,189,2,2127,4,active+inactive,""
win money,188,0,492,4,active+inactive,""
Betting odds,186,3,1327,4,active+inactive,""
Betting platform,183,2,643,5,active+inactive,""
Cash App Casino,176,5,1200,5,active+inactive,""
Gaming fun,174,1,747,3,active+inactive,""
sure win,173,0,221,4,active+inactive,""
glaucoma,172,16,2317,4,active+inactive,""
super bonus,172,0,322,4,active+inactive,""
Tower Rush,167,7,1602,5,active+inactive,""
Win big / Huge win,165,165,3644,4,active+inactive,""
rejuvenating,157,20,2240,3,active+inactive,""
1xSlots,151,5,1213,2,active+inactive,""
cataract,150,18,1016,3,active+inactive,""
Dice Game,150,9,1312,3,active+inactive,""
HellSpin,146,2,1816,2,active+inactive,""
simulation game,145,2,791,3,active+inactive,""
Casino rewards,141,4,1452,4,active+inactive,""
Jackpot World,137,0,1045,3,active+inactive,""
merge game,136,6,1915,3,active+inactive,""
antiparasitic,136,1,1200,3,active+inactive,""
Safe gambling,136,0,1120,3,active+inactive,""
sports expert,135,3,2296,3,active+inactive,""
Slot games,131,0,1330,3,active+inactive,""
lightning win,129,0,902,4,active+inactive,""
Play’n GO,128,10,1610,3,active+inactive,""
Betting tips,128,1,537,5,active+inactive,""
Casino winnings,127,0,502,4,active+inactive,""
DreamSlots,126,7,807,4,active+inactive,""
Fruit Party 2,125,0,3179,3,active+inactive,""
intestinal health,123,11,2135,4,active+inactive,""
Bet quest,119,15,581,5,active+inactive,""
Ice Fishing,117,11,1034,4,active+inactive,""
Tap to win,115,0,282,4,active+inactive,""
JackpotCity,114,1,487,2,active+inactive,""
Tap & win,111,0,120,4,active+inactive,""
Shuffle up,110,4,2811,3,active+inactive,""
Get lucky,110,1,1718,4,active+inactive,""
Prostatitis,107,25,1456,4,active+inactive,""
Casino membership,106,0,715,5,active+inactive,""
earn money online,104,5,862,3,active+inactive,""
Big Money,103,3,1266,5,active+inactive,""
Fortune Slots,102,2,431,3,active+inactive,""
prostate gland,101,16,1888,5,active+inactive,""
Vegas Slots,100,85,1990,5,active+inactive,""
Starburst,98,32,1018,3,active+inactive,""
Try your luck,97,0,1197,5,active+inactive,""
PlayAmo,96,30,1226,2,active+inactive,""
sports challenge,96,3,1858,3,active+inactive,""
FortuneSlots,96,0,371,2,active+inactive,""
ethereum,90,54,1073,4,active+inactive,""
SpinRush,89,0,666,2,active+inactive,""
x100 multiplier,87,26,1774,4,active+inactive,""
soccer match,87,5,1355,3,active+inactive,""
live betting,86,5,1104,3,active+inactive,""
VegasDream,85,84,1155,2,только active,""
Mega Slots,85,0,270,3,active+inactive,""
ligament,84,171,2768,4,active+inactive,""
normalization,83,24,1086,4,active+inactive,""
Fire joker,82,22,492,5,active+inactive,""
Lucky Slots,82,2,942,3,active+inactive,""
dandruff,80,8,1400,3,active+inactive,""
your lucky day,79,1,1631,5,active+inactive,""
Poker face,79,0,1030,3,active+inactive,""
Cash Carnival,77,4,682,5,active+inactive,""
sedentary lifestyle,77,0,1424,5,active+inactive,""
Bonanza,75,8,1281,4,active+inactive,""
Betting circuit,75,0,410,5,active+inactive,""
rectum,75,0,1122,4,active+inactive,""
parasite removal,74,4,690,5,active+inactive,""
Roulette,74,3,1128,2,active+inactive,""
Amatic,74,0,324,4,active+inactive,""
Baccarat,73,39,1013,3,active+inactive,""
Rake back,73,1,1055,3,active+inactive,""
Gaming rewards,73,0,759,3,active+inactive,""
Hot slots,73,0,128,4,active+inactive,""
UltraWin,72,1136,7051,3,active+inactive,""
auditory function,72,2,1168,4,active+inactive,""
fortune awaits,72,1,431,3,только active,""
Online slots,72,0,1165,4,active+inactive,""
football match,71,1,1830,3,active+inactive,""
Burning Classics,69,9,543,5,active+inactive,""
Fortune hunt,68,0,369,3,active+inactive,""
PartyCasino,68,0,687,2,active+inactive,""
Cash Tornado,67,7,621,5,active+inactive,""
revitalization,63,22,1005,3,active+inactive,""
Wild West Gold,62,151,1739,4,active+inactive,""
Crazy Time,62,0,1293,4,active+inactive,""
masculine strength,61,995,3138,4,active+inactive,""
Big Bass Splash,61,1,511,5,active+inactive,""
match odds,60,0,486,3,active+inactive,""
Betting pool,59,17,530,5,active+inactive,""
Casino promotions,59,0,1000,5,active+inactive,""
Vegas Spin,58,345,1814,3,active+inactive,""
free,58,0,1024,4,active+inactive,""
FortuneJack,57,1,329,2,active+inactive,""
Flush fever,57,0,764,5,active+inactive,""
match tips,55,2,1502,3,active+inactive,""
Cash Frenzy,54,0,1370,5,active+inactive,""
Lucky streak,52,0,620,3,active+inactive,""
get,52,0,1239,4,active+inactive,""
Chicken Subway,52,0,4439,5,active+inactive,""
SlotV,48,1,696,2,active+inactive,""
William Hill,47,42,1998,4,active+inactive,""
Full house,47,4,1184,4,active+inactive,""
now,47,0,1151,4,active+inactive,""
MagicSpin,45,2,555,2,active+inactive,""
Sports betting,45,1,686,3,active+inactive,""
big multiplier,45,0,847,5,active+inactive,""
Jackpot chase,45,0,181,3,active+inactive,""
Energy joker,43,13,534,5,active+inactive,""
BC.Game,43,3,892,4,active+inactive,""
Slot tournament,43,0,110,3,active+inactive,""
Online jackpot,42,0,263,3,active+inactive,""
Online gambling,40,0,929,3,active+inactive,""
Royal flush,40,0,406,3,active+inactive,""
Spin palace,38,0,187,3,active+inactive,""
JetX3,38,0,673,2,active+inactive,""
Golden Casino,37,0,285,3,active+inactive,""
MegaLuck,37,0,376,2,active+inactive,""
Push Gaming,37,0,351,3,active+inactive,""
Lucky Spin Game,36,5,471,3,active+inactive,""
Lucky spin,36,0,509,4,active+inactive,""
unlock surprise bonus,35,65,823,5,active+inactive,""
sports arena,35,5,649,3,active+inactive,""
Red Tiger,35,4,497,3,active+inactive,""
Casino community,34,2,1077,5,active+inactive,""
predict score,34,0,313,3,active+inactive,""
Wager war,33,423,3191,4,active+inactive,""
vitamin,33,26,6475,3,active+inactive,""
streaming,32,0,600,4,active+inactive,""
marketing,32,0,400,4,active+inactive,""
platform,32,0,400,4,active+inactive,""
appointment,32,0,600,4,active+inactive,""
Lucky Lu,30,10,567,5,active+inactive,""
Spaceman,30,7,582,4,active+inactive,""
Limbo,30,6,573,2,active+inactive,""
Cash Blitz,30,3,551,5,active+inactive,""
Casino adventure,29,0,956,5,active+inactive,""
chronic hemorrhoids,29,0,947,5,active+inactive,""
Mobile casino,29,0,186,3,active+inactive,""
brittleness,29,0,3113,4,active+inactive,""
Lucky Bird,29,0,760,3,active+inactive,""
win x500,28,165,2603,4,active+inactive,""
Top slot,28,0,69,3,active+inactive,""
career,28,0,249,4,active+inactive,""
Under the gun,28,0,411,5,active+inactive,""
Secure casino,28,0,401,3,active+inactive,""
Withdraw instantly,26,1043,6468,4,active+inactive,""
Relax Gaming,26,0,363,3,active+inactive,""
sweet bonanza,25,3,729,5,active+inactive,""
Fortune Gems 500,25,0,482,5,active+inactive,""
popular,25,0,240,4,active+inactive,""
Big Bass Bonanza,24,1,192,5,active+inactive,""
Lucky loot,24,1,107,3,active+inactive,""
you could be next,24,1,1391,5,active+inactive,""
sports tips,23,2,512,3,active+inactive,""
collect symbols,23,2,460,5,active+inactive,""
Cystitis,23,1,455,4,active+inactive,""
score predictor,23,0,168,3,active+inactive,""
LuckySpin Casino,23,0,267,3,active+inactive,""
trust,23,0,1250,3,active+inactive,""
Crazy777,22,3,933,4,active+inactive,""
stock,22,0,60,3,active+inactive,""
Trusted casino,21,180,1794,4,active+inactive,""
Instant payout,21,1,541,3,active+inactive,""
N1Bet,21,0,400,2,active+inactive,""
Fortune Ox,21,0,457,5,active+inactive,""
Bet365,20,3,648,4,active+inactive,""
888sport,20,3,1258,4,active+inactive,""
sports quiz,20,0,279,3,active+inactive,""
football manager,20,0,4384,3,active+inactive,""
Video poker,19,51,950,5,active+inactive,""
Poker tournaments,19,0,43,3,active+inactive,""
Live dealer games,19,0,160,3,active+inactive,""
Roulette games,19,0,149,3,active+inactive,""
Mobile slots,18,2,618,3,active+inactive,""
Gambling rewards,18,2,454,3,active+inactive,""
Yggdrasil,17,22,529,4,active+inactive,""
Poker online,17,0,344,3,active+inactive,""
Gamble responsibly,16,0,291,4,active+inactive,""
predict game,16,0,340,3,active+inactive,""
pink joker,16,0,82,4,active+inactive,""
sports prediction,16,0,151,3,active+inactive,""
Casino loyalty program,15,0,82,5,active+inactive,""
Slot frenzy,14,0,861,3,active+inactive,""
Royal Vegas,14,0,111,3,active+inactive,""
Wager rush,13,29,927,5,active+inactive,""
LeoVegas,13,3,314,2,active+inactive,""
Baccarat online,13,1,481,5,active+inactive,""
Jet Casino,13,0,92,3,active+inactive,""
Gaming club,13,0,172,3,active+inactive,""
buy,12,139,1941,3,active+inactive,""
Gamble gala,12,0,44,4,active+inactive,""
plinko,12,0,394,4,active+inactive,""
Wagering,11,71,910,4,active+inactive,""
heavenly bonus,11,0,54,3,active+inactive,""
Online roulette,11,0,112,3,active+inactive,""
JackpotLand,11,0,113,2,active+inactive,""
Fortune Wheel,11,0,13,4,active+inactive,""
football betting,11,0,83,4,active+inactive,""
bestseller,10,1006,10901,3,active+inactive,""
wellness,10,45,6732,3,active+inactive,""
Le Bandit,10,4,491,5,active+inactive,""
888casino,10,1,545,4,active+inactive,""
Roulette wheel,10,0,68,3,active+inactive,""
Gambling offers,10,0,185,3,active+inactive,""
who will win,10,0,445,5,active+inactive,""
Vave,9,19,568,4,active+inactive,""
NetEnt,9,1,212,2,active+inactive,""
hypertensive crisis,9,1,315,5,active+inactive,""
family,9,0,430,4,active+inactive,""
device,9,0,38,3,active+inactive,""
prediction app,9,0,219,3,active+inactive,""
Wager wave,8,176,1353,4,active+inactive,""
Bwin,8,3,248,4,active+inactive,""
Risk rally,8,0,207,3,active+inactive,""
safe,8,0,633,4,active+inactive,""
virtual coins,7,10,560,5,active+inactive,""
Online betting,7,0,218,3,active+inactive,""
Wild Tornado,6,111,738,5,active+inactive,""
Booi,6,2,190,4,active+inactive,""
match predictor,6,0,73,3,active+inactive,""
Bet9ja,6,0,418,4,active+inactive,""
National Casino,6,0,228,3,active+inactive,""
car,6,0,429,4,active+inactive,""
drop the candy,6,0,402,5,active+inactive,""
Gangster City,6,0,254,4,active+inactive,""
slimness,5,1,575,4,active+inactive,""
job,5,0,601,3,active+inactive,""
Lucky wheel,5,0,61,4,active+inactive,""
RTP / High RTP,5,0,79,3,active+inactive,""
medical,5,0,600,4,active+inactive,""
Bet voyage,5,0,517,6,active+inactive,""
favorite,5,0,249,4,active+inactive,""
Le Cowboy,5,0,142,4,active+inactive,""
Winning spree,4,6,476,5,active+inactive,""
Betsson,4,1,246,4,active+inactive,""
Gambling site,4,1,370,3,active+inactive,""
Pragmatic Play,4,0,79,3,active+inactive,""
texas holdem,4,0,637,3,active+inactive,""
Bigger Bass Bonanza,4,0,206,5,active+inactive,""
Playson,4,0,9,2,active+inactive,""
Betway,3,2,428,4,active+inactive,""
5Gringos,3,1,418,4,active+inactive,""
royal joker,3,0,440,6,active+inactive,""
Gambling platform,3,0,248,3,active+inactive,""
Evoplay,3,0,64,4,active+inactive,""
game,3,0,230,4,active+inactive,""
hotel,3,0,610,4,active+inactive,""
Virtual slots,2,3,653,5,active+inactive,""
Craps king,2,1,400,6,active+inactive,""
Betting offers,2,1,659,6,active+inactive,""
Diamonds Maker,2,0,263,5,active+inactive,""
Betano,2,0,113,3,active+inactive,""
Bankroll boost,2,0,209,5,active+inactive,""
Caesars Slots,2,0,342,5,active+inactive,""
pet,2,0,410,4,active+inactive,""
Betsoft,2,0,7,4,active+inactive,""
Casino cashback,2,0,162,4,active+inactive,""
Blackjack online,2,0,279,5,active+inactive,""
soccer betting,2,0,24,3,active+inactive,""
Bingo Blitz,2,0,549,5,active+inactive,""
defecation,2,0,226,4,active+inactive,""
Bonanza Billion,2,0,155,5,active+inactive,""
Space XY,2,0,70,4,active+inactive,""
Poker challenge,2,0,53,3,active+inactive,""
jokers jewels,2,0,118,5,active+inactive,""
House of Fun,2,0,63,4,active+inactive,""
MegaPari,1,1,4,2,active+inactive,""
Unibet,1,1,213,4,active+inactive,""
SportyBet,1,0,18,2,active+inactive,""
PokerStars,1,0,38,2,active+inactive,""
Wild West Duels,1,0,224,5,active+inactive,""
get your reward,1,0,78,4,active+inactive,""
Jackpot quest,1,0,34,3,active+inactive,""
LuckyMania,1,0,17,2,active+inactive,""
RooBet,1,0,12,3,active+inactive,""
Cobra Casino,1,0,349,6,active+inactive,""
get your spins,1,0,13,4,active+inactive,""
Pachinko,1,0,135,5,active+inactive,""
PowBet,1,0,6,2,active+inactive,""
Spin saga,1,0,11,3,active+inactive,""
Progressive slots,1,0,77,3,active+inactive,""
service,1,0,40,3,active+inactive,""
coffee,1,0,400,4,active+inactive,""
auto,1,0,400,4,active+inactive,""
Virtual casino,1,0,140,4,active+inactive,""
Parimatch,1,0,1,2,active+inactive,""
community,0,3602,14692,4,active+inactive,""
deadline,0,2987,9729,3,active+inactive,""
viral,0,2914,13769,4,active+inactive,""
cash,0,2890,8137,3,active+inactive,""
register,0,2440,6585,3,active+inactive,""
reserve,0,2241,6362,3,active+inactive,""
tested,0,2044,20006,3,active+inactive,""
rating,0,1942,13798,3,active+inactive,""
testosterone,0,1904,7680,3,active+inactive,""
trending,0,1865,7402,3,active+inactive,""
fitness,0,1813,30383,3,active+inactive,""
payment,0,1709,4817,3,active+inactive,""
stamina,0,1525,5018,3,active+inactive,""
instant,0,1516,6692,3,active+inactive,""
launch,0,1367,4100,3,active+inactive,""
organic,0,1304,18329,3,active+inactive,""
shipping,0,1279,7858,3,active+inactive,""
pay,0,1267,8720,3,active+inactive,""
nutrition,0,1193,4215,3,active+inactive,""
workout,0,1036,22293,3,active+inactive,""
access,0,925,5118,3,active+inactive,""
claim,0,812,5783,4,active+inactive,""
expire,0,792,6107,3,active+inactive,""
coupon,0,773,8171,3,active+inactive,""
membership,0,736,9597,3,active+inactive,""
sample,0,722,4699,3,active+inactive,""
book,0,687,5242,4,active+inactive,""
signup,0,510,1717,3,active+inactive,""
money,0,467,8518,4,active+inactive,""
voucher,0,440,4447,3,active+inactive,""
remedies,0,325,1200,1,только inactive,active-срез не отработал
sport,0,292,1474,3,active+inactive,""
find,0,186,5152,4,active+inactive,""
testimonial,0,84,2867,4,active+inactive,""
training,0,66,2455,5,active+inactive,""
unique,0,41,600,2,только inactive,active-срез не отработал
tumble win,0,32,477,6,active+inactive,""
care,0,2,2441,3,active+inactive,""
Olympus Trueways,0,0,4,6,active+inactive,""
goal prediction,0,0,83,4,active+inactive,""
food,0,0,200,4,active+inactive,""
Neon54,0,0,100,3,active+inactive,""
Spinomenal,0,0,0,5,active+inactive,""
ticket,0,0,0,3,active+inactive,""
consultation,0,0,200,4,active+inactive,""
men's health,0,0,200,6,active+inactive,""
clinic,0,0,0,3,active+inactive,""
Cashout king,0,0,159,6,active+inactive,""
Aviamasters,0,0,29,5,active+inactive,""
GG.Bet,0,0,54,3,active+inactive,""
free spins / FS,0,0,63,5,active+inactive,""
course,0,0,200,4,active+inactive,""
CazinoZ,0,0,1,5,active+inactive,""
Betfury,0,0,36,5,active+inactive,""
Rizk,0,0,21,3,active+inactive,""
Forest Queen Deluxe,0,0,8,5,active+inactive,""
Online wagering,0,0,16,4,active+inactive,""
Tortuga Casino,0,0,0,5,active+inactive,""
Betting spree,0,0,210,6,active+inactive,""
website,0,0,0,3,active+inactive,""
Dolphins Pearl Delux,0,0,1,6,active+inactive,""
Vulkan Vegas,0,0,57,6,active+inactive,""
Classic Multihand Blackjack,0,0,3,6,active+inactive,""
CasinoChan,0,0,242,5,active+inactive,""
technology,0,0,200,4,active+inactive,""
Download & play,0,0,254,5,active+inactive,""
5 Lions Megaways,0,0,2,6,active+inactive,""
BitStarz,0,0,69,5,active+inactive,""
Slot odyssey,0,0,18,4,active+inactive,""
travel,0,0,0,3,active+inactive,""
dog,0,0,0,3,active+inactive,""
Casinonic,0,0,0,5,active+inactive,""
Spin fiesta,0,0,14,4,active+inactive,""
Sugar Rush Xmas,0,0,0,5,active+inactive,""
Betika,0,0,2,5,active+inactive,""
Microgaming,0,0,10,4,active+inactive,""
Fairspin,0,0,0,5,active+inactive,""
Bet and win,0,0,203,5,active+inactive,""
member,0,0,200,4,active+inactive,""
Minesweeper,0,0,82,3,active+inactive,""
baby,0,0,210,4,active+inactive,""
Payout paradise,0,0,2,4,active+inactive,""
healthcare,0,0,210,4,active+inactive,""
Thunder Coins XXL,0,0,3,6,active+inactive,""
Evolution Gaming,0,0,323,6,active+inactive,""
Wild Cash x9990,0,0,1,6,active+inactive,""
joker stoker,0,0,20,6,active+inactive,""
Mostbet,0,0,14,3,active+inactive,""
home,0,0,200,4,active+inactive,""
Madame Destiny,0,0,10,4,active+inactive,""
Endorphina,0,0,5,5,active+inactive,""
fashion,0,0,200,4,active+inactive,""
Quickspin,0,0,0,4,active+inactive,""
Slottica,0,0,0,5,active+inactive,""
intimate life,0,0,200,6,active+inactive,""
Jackpot games,0,0,2,4,active+inactive,""
Бетинг,0,0,0,5,active+inactive,""
Dog House Megaways,0,0,9,6,active+inactive,""
supplement,0,0,0,3,active+inactive,""
Poker quest,0,0,51,4,active+inactive,""
Rabona,0,0,2,3,active+inactive,""
bank,0,0,200,4,active+inactive,""
app,0,0,200,4,active+inactive,""
Hacksaw Gaming,0,0,20,4,active+inactive,""
Install & win,0,0,0,4,active+inactive,""
Gemhalla,0,0,6,5,active+inactive,""
Madame Destiny Megaways,0,0,0,5,active+inactive,""
Wild West Trueways,0,0,0,6,active+inactive,""
Zeus vs Hades,0,0,200,6,active+inactive,""
Big Bass Amazon Xtreme,0,0,2,6,active+inactive,""
Wazamba,0,0,0,5,active+inactive,""
proven,0,0,0,3,active+inactive,""
business,0,0,200,4,active+inactive,""
Betfair,0,0,113,5,active+inactive,""
solution,0,0,0,3,active+inactive,""
Instant access,0,0,0,4,active+inactive,""
arthrosis,0,0,157,7,active+inactive,""
insurance,0,0,220,4,active+inactive,""
Sugar Rush Bonanza,0,0,2,4,active+inactive,""
Big Bass Hold & Spinner,0,0,221,6,active+inactive,""
Melbet,0,0,4,3,active+inactive,""
Book of dead,0,0,205,5,active+inactive,""
Spribe,0,0,2,3,active+inactive,""
Casumo,0,0,7,5,active+inactive,""
Multihand Blackjack Pro 2,0,0,0,6,active+inactive,""
Aviatrix,0,0,224,5,active+inactive,""
Slotomania,0,0,669,3,active+inactive,""
Sweet Bonanza Xmas,0,0,0,6,active+inactive,""
Linebet,0,0,8,4,active+inactive,""
Sugar Rush Valentine,0,0,2,4,active+inactive,""
Joycasino,0,0,0,5,active+inactive,""
Inside bet,0,0,0,3,active+inactive,""
Olivers Bar Deluxe,0,0,0,6,active+inactive,""
double your win,0,0,200,5,active+inactive,""
effective,0,0,0,3,active+inactive,""
phone,0,0,210,4,active+inactive,""
Burning Chilli,0,0,227,6,active+inactive,""
tool,0,0,200,4,active+inactive,""
credit,0,0,200,4,active+inactive,""
mega tumble,0,0,2,4,active+inactive,""
restaurant,0,0,200,4,active+inactive,""
Chicken Pirate,0,0,248,6,active+inactive,""
Sugar Rush 1000,0,0,126,4,active+inactive,""
SlotHunter,0,0,74,3,active+inactive,""
fear,0,0,200,5,active+inactive,""
Wazdan,0,0,5,5,active+inactive,""
customer,0,0,0,3,active+inactive,""
Instant play casino,0,0,0,4,active+inactive,""
program,0,0,200,4,active+inactive,""
Bitcasino.io,0,0,12,6,active+inactive,""
Slot mania,0,0,26,4,active+inactive,""
digital,0,0,200,4,active+inactive,""
Mega Moolah,0,0,16,4,active+inactive,""
powerful,0,0,200,4,active+inactive,""
relief,0,0,200,4,active+inactive,""
invest,0,0,0,3,active+inactive,""
Cloudbet,0,0,13,5,active+inactive,""
