Ключ,Видел в библиотеке,Спарсилось
sale,не записано,4669
wear,не записано,4522
comfort,не записано,4023
confidence,не записано,3829
travel,не записано,3540
service,не записано,3205
favorite,не записано,3135
movement,не записано,2740
discount,не записано,2701
premium,не записано,2616
official,не записано,2532
member,не записано,2518
delivery,не записано,2382
store,не записано,2373
toilet,7153,2335
safe,не записано,2225
community,14692,2211
fitness,30383,2199
promotion,не записано,2152
joint,10150,2141
order,не записано,2132
under the gun,не записано,2128
solution,не записано,2097
exclusive,не записано,2094
application,16138,2063
membership,9597,2060
website,не записано,2039
health,2217,2033
shipping,7858,2025
register,6585,2024
payment,4817,2010
trial,не записано,1986
online,не записано,1975
tool,не записано,1934
wellness,6732,1919
deal,не записано,1918
app,не записано,1883
price,не записано,1877
problem,2201,1870
dice,2005,1853
shop,2602,1819
music,11569,1804
promo,4746,1758
reserve,6362,1748
gift,не записано,1726
men's health,не записано,1723
visit,не записано,1720
auto,не записано,1717
available,не записано,1706
surgery,2201,1679
cash,8137,1651
offer,не записано,1626
swelling,8757,1615
muscle,21223,1574
shoulder,2206,1556
code,не записано,1542
install,4336,1533
launch,4100,1518
program,не записано,1516
vegas,5559,1457
education,13134,1432
popular,не записано,1431
insurance,не записано,1399
collection,не записано,1394
request,не записано,1387
real estate,5424,1382
trending,7402,1362
man,2206,1355
game,не записано,1350
car,не записано,1335
endurance,10493,1333
win big,3701,1331
save,1688,1281
organic,18329,1277
consultation,не записано,1259
food,не записано,1256
special,1292,1254
credit,не записано,1252
try now,6699,1251
dog,не записано,1206
coffee,не записано,1203
back,2208,1199
injury,7787,1186
apply,18915,1181
trading,9020,1181
quality,не записано,1177
vitamin,6475,1167
loan,25971,1160
viral,13769,1158
access,5118,1153
trusted,не записано,1153
win real cash,5946,1145
new,1163,1141
device,не записано,1136
sex,17941,1132
hotel,не записано,1127
clinic,не записано,1112
sign,1540,1052
weight,2214,1048
job,не записано,1043
digital,не записано,1040
course,не записано,1039
nutrition,4215,1033
academy,12293,1032
phone,не записано,1022
sugar,2016,1021
hair,2401,1013
walking,2209,1006
stock,не записано,1006
dental,16914,998
hearing,2213,965
baby,не записано,963
relief,не записано,963
ticket,не записано,952
desire,9157,948
knee,10182,946
tournament,7574,930
early,1057,923
cat,10692,922
attraction,17607,915
career,не записано,912
discover,923,874
dating,12669,872
fashion,не записано,864
pet,не записано,856
result,2018,855
certified,1057,852
doctor,2201,849
tested,20006,843
win money,не записано,832
win big / huge win,3644,828
estimate,4458,823
who will win,не записано,817
business,не записано,813
success,1210,811
event,11587,810
invest,не записано,807
fear,не записано,791
workout,22293,789
winspirit,3686,783
inflammation,14818,776
instant,6692,756
limited,1118,745
join,1141,737
formula,2004,731
sport,1474,725
feel the thrill,12024,722
parent,25688,717
win cash,7511,717
learn,1042,708
brand,1192,702
best,1011,699
vision,2228,698
arousal,9257,696
clothing,15388,675
deadline,9729,674
welcome offer,9284,671
approved,1078,671
cheap,1104,668
proven,не записано,667
energy,3221,665
welcome bonus,11313,657
hair roots,21222,651
effect,10422,651
simple,1037,651
skincare,6463,649
win now,16192,645
restaurant,не записано,641
pay,8720,633
be a winner,2541,629
try your luck,1197,625
dysfunction,8295,624
flight,9844,621
apparel,8347,613
today,1191,607
accessory,16417,605
effective,не записано,603
rating,13798,592
gold,2003,589
download,1099,581
entertainment,2821,573
home,не записано,555
recommended,11128,552
quote,5025,545
care,2441,545
wild card,3056,541
infection,17776,533
scalp,19319,527
bank,не записано,527
strength,2401,526
review,1513,526
gaming,17177,525
fertility,9261,525
investment,10874,524
agency,12362,522
winrush,3272,522
fast,1019,516
stamina,5018,515
orgasm,4028,507
trust,1250,505
joker's million,2005,495
spine,2811,493
you could be next,1391,493
crypto,9503,491
streaming,600,490
subscription,12093,488
expert,2206,482
easy,1303,475
coupon,8171,472
eye,2200,472
software,10643,470
mobility,3834,468
beauty,2417,468
allergy,17130,466
cracking,9533,460
powerful,не записано,460
lens,14524,456
natural,2205,451
start,1300,451
finance,9222,450
book,5242,448
concert,7905,447
stroke,5535,442
therapy,2006,429
sample,4699,422
all in,11303,420
erection,8451,420
vip access,1705,415
testosterone,7680,413
bestseller,10901,412
secure,1551,402
movie,12731,391
blood sugar control,14786,384
subscribe,7388,381
claim,5783,381
refund,13122,380
guarantee,857,377
experience,1038,368
arthritis,7476,366
diabetes,10141,358
disease,9746,357
marketing,400,357
parasites,12699,355
free,1024,355
diagnosis,22644,354
customer,не записано,354
skin,2217,352
waist,17283,346
diet,18712,343
ultrawin,7051,335
sperm,4243,335
no deposit,6831,334
intimate life,не записано,327
concentrate,5649,326
stiffness,16049,322
mortgage,8920,322
play now,9684,318
shoe,7739,316
abdomen,6958,312
coins,2001,311
place your bet,2042,303
the dog house,2682,295
your lucky day,1631,295
healthcare,не записано,292
bonus,2009,283
just play,5969,280
daily match,2126,280
appointment,600,278
remedy,11070,270
waste,2202,269
fortune dragon,7048,268
wheel of fortune,5022,268
aging,15425,267
cosmetic,7100,262
win rewards,7963,259
daily rewards,4414,257
signup,1717,257
discomfort,19851,255
vip room,7907,248
lifting,15900,241
earn cash,14838,239
male energy,5920,235
mines,19106,231
cartilage,5415,229
test your knowledge,2021,229
pulse,9962,228
casino,11319,227
bet live,6975,225
sound,2216,223
heart rhythm,17511,221
tower game,2063,221
treatment,2209,220
expire,6107,218
product,992,214
bet slip,12703,213
laptop,7890,212
specialist,19039,210
watch,963,205
body,2208,203
money,8518,202
masterclass,6310,202
join the challenge,2658,200
play for fun,2395,200
financing,1600,196
voucher,4447,195
healthy,20588,193
recovery,2201,188
legacy of dead,2001,188
extract,19047,185
wager war,3191,184
blood,2215,184
webinar,6532,180
betting,10306,179
crash,2200,177
wrinkles,6056,175
healing,15715,174
claim now,4757,172
age,2203,170
hit or stand,2002,170
book of ra,9247,169
house of fun,не записано,168
reward,8993,166
medical,600,165
play with bonus,1889,162
now,1151,162
sugar rush,3329,161
fracture,7442,160
double your win,200,160
joints,5818,159
hair volume,6736,158
renewal,5895,156
clinical,12306,154
complex,12868,149
withdraw instantly,6468,148
libido,2620,145
deposit,2204,145
fairy queen,12138,144
click,1050,144
collagen,7419,140
find,5152,140
daily tips,5736,136
pain,2204,133
balloon,3660,131
weight loss,23992,128
training,2455,128
tap to win,282,126
masculine strength,3138,125
bet,11880,123
dice roll,3283,123
try,1117,121
fat,16982,120
body transformation,18808,119
thickness,4049,119
computer,6345,115
crash game,3477,113
drop the candy,402,113
claim your reward,2972,112
nolimit city,19385,111
glucose,4063,108
funny cats,3250,107
youth,6911,106
free money,3909,106
heart attack,23102,105
chicken road,5241,100
calories,9297,99
burning,2803,99
capsules,17408,98
well-being,2205,98
electronics,1418,97
no registration,4627,96
get,1239,96
ears,2604,94
tap & win,120,94
dog house,2256,93
only today,6649,92
rejuvenation,4678,92
bonus game,3357,90
big money,1266,89
worms,7236,87
cash out,8325,85
blood pressure,2203,85
don’t miss your chance,9020,84
syrup,6232,83
prostate,4426,83
fun game,2950,82
ingredient,19431,81
full house,1184,81
dealer's choice,2439,79
play and earn,2052,78
bluff master,4783,77
buy,1941,76
hearing loss,10783,75
haircare,2644,75
detox,5308,73
after,1031,73
pleasure,7744,72
technology,200,72
ligament,2768,69
crazy time,1293,69
digestion,8888,68
vegasdream,1155,68
heart health,24846,67
coin strike,3191,67
football app,1729,67
betwinner,12497,66
fatigue,8911,66
trusted casino,1794,65
prevention,1400,65
family,430,65
elasticity,6248,64
win x500,2603,63
stomach,2214,63
fs,9172,62
card games,8711,62
thirst,6258,62
win real money,1554,62
1win,8793,61
guess the match,14328,60
firmness,7692,60
wager wave,1353,60
5 lions,3028,58
vegas spin,1814,58
heart support,14100,57
sun of egypt,4308,57
jetx,2835,57
metabolism,11728,56
tightening,6495,55
flint treasure,2863,55
book of dead,205,55
duration,3669,54
double down,3297,54
chicken train,4415,53
easy money,3427,53
guess the winner,2004,52
slots,1226,52
figure,4659,51
tear production,3161,51
testimonial,2867,51
join the game,2072,51
insulin,9102,50
sports app,4324,50
retina,2631,50
daily challenge,2588,49
aviator,1009,49
fat burning,9653,48
blood vessels,7245,48
slot,1236,48
stake,8287,47
potency,4262,47
lucky day,2003,47
risk and reward,1344,47
blood circulation,13189,46
appetite,8989,46
game app,2224,46
body cleansing,15443,45
dice game,1312,45
before,991,45
anti-aging,8920,44
follicles,5230,44
composition,1800,44
card count,13720,43
fruit million,10472,42
fortune rabbit,5179,42
fortune tiger,3480,42
free tips,2243,41
hot hand,2080,41
get lucky,1718,41
bonus buy,12646,40
veins,9180,40
100% bonus,7211,40
hair nutrition,2638,40
free rewards,2448,40
wild west gold,1739,40
symptom,8250,38
bet and win,203,37
bitcoin,2029,36
cholesterol,5450,35
keratin,14031,34
free game,5429,34
artery,4409,34
22win,2818,34
immunity,6852,33
get rewards,15473,32
odds,9473,32
card game,4732,32
bleeding,2203,32
unlock surprise bonus,823,32
bonus inside,13312,30
regeneration,3628,30
spin now,1138,30
5 lions dance,1018,30
blood sugar level,5035,29
play cards,10852,28
poker,5017,28
tips and tricks,15308,27
deal cards,2010,27
rich life,1726,27
ethereum,1073,27
get your spins,не записано,27
original,1457,26
eardrum,1433,26
joker's jewels,3447,25
fortune spin,2981,25
hypertension,2645,25
book of sun,2207,25
high stakes,2001,24
spin to win,1323,24
spin the wheel,1155,24
clear vision,10971,23
big win,10652,23
coin master,6597,23
start playing,4696,23
tinnitus,2205,23
video poker,950,23
le cowboy,142,23
supplement,не записано,23
pin-up,5512,22
predict and win,2002,22
hair restoration,7403,21
dizziness,4279,21
fissures,2120,21
big payout,5264,20
casino experience,3267,20
cold table,2227,20
drops,2204,20
prediction,1939,20
hit the jackpot,1470,20
yggdrasil,529,20
get your reward,78,20
puzzle game,11182,19
real money,8099,19
prostatitis,1456,19
live score,7126,18
toxins,5656,18
betting games,2620,17
vegas slots,1990,17
wild tornado,738,17
hair loss,11507,16
22bet,2207,16
jackpot,2012,16
cashback,1226,16
revitalization,1005,16
free chips,8088,15
flat stomach,5637,15
hold 'em,5199,15
bet bounty,4435,15
itching,3460,15
constipation,2826,15
heart,2411,15
glaucoma,2317,15
play and win,2176,15
no deposit bonus,2051,15
crazy coin,1828,15
treasure of anubis,1634,15
wagering,910,15
earn money online,862,15
inside bet,не записано,15
crazyjackpot,4402,14
casual game,2375,14
rejuvenating,2240,14
house edge,2014,14
hemorrhoids,1201,14
starburst,1018,14
wager rush,927,14
real cash,6038,13
bloating,5483,13
test your skills,4710,13
bedroom confidence,3084,13
receding hairline,2367,13
free spin,2249,13
weakness,1940,13
ejaculation,1836,13
gates of olympus,1477,13
money wheel,13304,12
match results,12067,12
gamble now,6943,12
bet max,3413,12
tap to play,2941,12
scatter,2427,12
energy coins,2380,12
lutein,2009,12
vave,568,12
stack up,4015,11
nearsightedness,3801,11
card shark,2627,11
william hill,1998,11
one click to play,1318,11
scratch & win,1019,11
pancreas,2220,10
lucky money,2016,10
prostate gland,1888,10
macula,1200,10
ice fishing,1034,10
gold coins,16042,9
eye health,6864,9
score app,5170,9
cash prize,4430,9
fixed match,3859,9
high roller,3168,9
gambling,2018,9
big win slots,2012,9
collect rewards,1886,9
arcade game,1780,9
forex,1408,9
lucky spin,509,9
hotwin,8146,8
astigmatism,4607,8
playamo,1226,8
baldness,1018,8
cataract,1016,8
mr green,3433,7
biotin,3010,7
casino vip,2288,7
starlight princess,2042,7
lucky go,2041,7
goldenplay,2002,7
collect coins,1739,7
urination,1604,7
baccarat,1013,7
blackjack,1010,7
penalty duel,600,7
claim bonus,5985,6
table games,5734,6
parasite eggs,4137,6
hair thickening,4080,6
diarrhea,3455,6
spaceman,582,6
book of shadows,9270,5
chip leader,6945,5
lucky winner,6112,5
the ultimate game night,5631,5
vascular system,5071,5
healthy blood vessels,4335,5
bowel movement,4126,5
casino app,2923,5
lucky time,2011,5
football match,1830,5
bonus wheel,1446,5
carbohydrates,1426,5
bonanza,1281,5
casino-x,1210,5
lucky lu,567,5
safe bet,8603,4
start spinning,5075,4
stable blood pressure,3872,4
daily bonus,3580,4
casino credit,2258,4
bet / bet now,2201,4
instant win,2116,4
coin flip,2058,4
cash app game,2012,4
merge game,1915,4
play’n go,1610,4
soccer match,1355,4
spin & win,1257,4
live betting,1104,4
limbo,573,4
betting pool,530,4
le bandit,491,4
tumble win,477,4
winning spree,476,4
lucky draw,4850,3
casino table,4827,3
football manager,4384,3
varicose veins,3958,3
cashluck,3029,3
blood pressure control,2340,3
sports expert,2296,3
intestinal health,2135,3
big bet bonus,2001,3
sports challenge,1858,3
tower rush,1602,3
casino rewards,1452,3
larvae,1207,3
normalization,1086,3
crazy777,933,3
dreamslots,807,3
virtual coins,560,3
fire joker,492,3
free coins,3710,2
reward app,3069,2
1xbet,2816,2
snake eyes,2782,2
double chance,2659,2
casino games,2611,2
live casino,2127,2
live odds,1776,2
x100 multiplier,1774,2
dandruff,1400,2
1xslots,1213,2
bc.game,892,2
virtual slots,653,2
sports arena,649,2
bet365,648,2
mobile slots,618,2
bet quest,581,2
magicspin,555,2
sports tips,512,2
leovegas,314,2
download & play,254,2
install & win,не записано,2
richwin,18031,1
quick bet,7335,1
sweet win,6686,1
gaming experience,4530,1
free spins,4331,1
slot machine,2831,1
shuffle up,2811,1
sports league,2094,1
intestines,2025,1
bgaming,1954,1
online gaming,1934,1
match winner,1904,1
hellspin,1816,1
real money games,1807,1
match tips,1502,1
farsightedness,1333,1
betting odds,1327,1
casino deals,1283,1
888sport,1258,1
ear inflammation,1224,1
cash app casino,1200,1
split bet,1170,1
auditory function,1168,1
online slots,1165,1
roulette,1128,1
casino community,1077,1
rake back,1055,1
test,1018,1
lucky slots,942,1
instant prize,844,1
gaming fun,747,1
sweet bonanza,729,1
slotv,696,1
parasite removal,690,1
betting platform,643,1
slimness,575,1
instant payout,541,1
red tiger,497,1
baccarat online,481,1
lucky spin game,471,1
collect symbols,460,1
cystitis,455,1
gambling rewards,454,1
fortune awaits,431,1
betway,428,1
5gringos,418,1
craps king,400,1
gambling site,370,1
fortune hunt,369,1
fortunejack,329,1
hypertensive crisis,315,1
bwin,248,1
gambling platform,248,1
betsson,246,1
unibet,213,1
netent,212,1
big bass bonanza,192,1
booi,190,1
hot slots,128,1
megapari,4,1
real prizes,6873,0
fruit party,5245,0
chicken subway,4439,0
inner ear,4070,0
fruit party 2,3179,0
brittleness,3113,0
spin casino,3083,0
bet now,2661,0
deposit bonus,2608,0
big win casino,2095,0
online casino,2083,0
casino welcome bonus,1820,0
5 lions gold,1801,0
casino bonus,1697,0
casino jackpot,1640,0
luckystar,1540,0
casino excitement,1479,0
sedentary lifestyle,1424,0
cash frenzy,1370,0
mega win,1367,0
slot games,1330,0
casino slots,1264,0
antiparasitic,1200,0
rectum,1122,0
safe gambling,1120,0
support,1079,0
jackpot world,1045,0
poker face,1030,0
casino promotions,1000,0
casino adventure,956,0
chronic hemorrhoids,947,0
online gambling,929,0
spin / spin to win / lucky spin,924,0
lightning win,902,0
slot frenzy,861,0
big multiplier,847,0
jetlucky,822,0
casino strategy,800,0
simulation game,791,0
flush fever,764,0
lucky bird,760,0
gaming rewards,759,0
casino membership,715,0
partycasino,687,0
sports betting,686,0
cash carnival,682,0
jetx3,673,0
slotomania,669,0
spinrush,666,0
betting offers,659,0
texas holdem,637,0
cash tornado,621,0
lucky streak,620,0
cash blitz,551,0
bingo blitz,549,0
888casino,545,0
burning classics,543,0
betting tips,537,0
energy joker,534,0
bet voyage,517,0
big bass splash,511,0
casino winnings,502,0
spinwin,501,0
jackpotcity,487,0
match odds,486,0
fortune gems 500,482,0
spintowin,462,0
fortune ox,457,0
royal joker,440,0
fortune slots,431,0
bet9ja,418,0
betting circuit,410,0
royal flush,406,0
secure casino,401,0
platform,400,0
n1bet,400,0
plinko,394,0
jackpot journey,382,0
megaluck,376,0
royalspin,375,0
fortuneslots,371,0
relax gaming,363,0
push gaming,351,0
cobra casino,349,0
poker online,344,0
caesars slots,342,0
predict game,340,0
amatic,324,0
evolution gaming,323,0
super bonus,322,0
predict score,313,0
gamble responsibly,291,0
golden casino,285,0
sports quiz,279,0
blackjack online,279,0
mega slots,270,0
luckyspin casino,267,0
online jackpot,263,0
diamonds maker,263,0
gangster city,254,0
chicken pirate,248,0
casinochan,242,0
national casino,228,0
burning chilli,227,0
defecation,226,0
wild west duels,224,0
aviatrix,224,0
sure win,221,0
big bass hold & spinner,221,0
prediction app,219,0
online betting,218,0
betting spree,210,0
bankroll boost,209,0
risk rally,207,0
bigger bass bonanza,206,0
zeus vs hades,200,0
spin palace,187,0
mobile casino,186,0
gambling offers,185,0
jackpot chase,181,0
gaming club,172,0
score predictor,168,0
casino cashback,162,0
live dealer games,160,0
cashout king,159,0
arthrosis,157,0
bonanza billion,155,0
sports prediction,151,0
roulette games,149,0
virtual casino,140,0
pachinko,135,0
sugar rush 1000,126,0
jokers jewels,118,0
betfair,113,0
betano,113,0
jackpotland,113,0
online roulette,112,0
royal vegas,111,0
slot tournament,110,0
lucky loot,107,0
neon54,100,0
jet casino,92,0
football betting,83,0
goal prediction,83,0
pink joker,82,0
minesweeper,82,0
casino loyalty program,82,0
pragmatic play,79,0
rtp / high rtp,79,0
progressive slots,77,0
slothunter,74,0
match predictor,73,0
space xy,70,0
top slot,69,0
bitstarz,69,0
roulette wheel,68,0
evoplay,64,0
free spins / fs,63,0
lucky wheel,61,0
vulkan vegas,57,0
gg.bet,54,0
heavenly bonus,54,0
poker challenge,53,0
poker quest,51,0
gamble gala,44,0
poker tournaments,43,0
pokerstars,38,0
betfury,36,0
jackpot quest,34,0
aviamasters,29,0
slot mania,26,0
soccer betting,24,0
rizk,21,0
hacksaw gaming,20,0
joker stoker,20,0
sportybet,18,0
slot odyssey,18,0
luckymania,17,0
online wagering,16,0
mega moolah,16,0
mostbet,14,0
spin fiesta,14,0
cloudbet,13,0
fortune wheel,13,0
bitcasino.io,12,0
roobet,12,0
spin saga,11,0
madame destiny,10,0
microgaming,10,0
playson,9,0
dog house megaways,9,0
linebet,8,0
forest queen deluxe,8,0
casumo,7,0
betsoft,7,0
powbet,6,0
gemhalla,6,0
wazdan,5,0
endorphina,5,0
melbet,4,0
olympus trueways,4,0
thunder coins xxl,3,0
classic multihand blackjack,3,0
mega tumble,2,0
jackpot games,2,0
payout paradise,2,0
5 lions megaways,2,0
sugar rush bonanza,2,0
betika,2,0
sugar rush valentine,2,0
big bass amazon xtreme,2,0
rabona,2,0
spribe,2,0
parimatch,1,0
wild cash x9990,1,0
dolphins pearl delux,1,0
cazinoz,1,0
quickspin,0,0
joycasino,0,0
sugar rush xmas,0,0
wazamba,0,0
wild west trueways,0,0
unique,0,0
fairspin,0,0
olivers bar deluxe,0,0
multihand blackjack pro 2,0,0
casinonic,0,0
madame destiny megaways,0,0
spinomenal,0,0
slottica,0,0
instant play casino,0,0
instant access,0,0
бетинг,0,0
tortuga casino,0,0
sweet bonanza xmas,0,0
